,Param,Sol,Obj Val,Mean Violation,Max Violation,Num Violations,Elapsed Time,Inner Viol,Outer Viol,Linear Viol,Equality Viol
0,"[2.8319397, 1.3119743, 2.3074763, 3.68779]","[1.9968880106177516, 6.0, 1.9976348686283312, 6.0, 0.719522328664234, -7.0]",3239.5665397505245,0.0,0.0,0.0,0.5982131958007812,0.0,0.0,0.0,0.0
1,"[2.7288516, 2.8617043, 0.8876693, 2.692086]","[1.932415530961062, 6.0, 1.930997175592319, 6.0, 0.8506325013569365, -7.0]",3502.6386452357306,0.0,0.0,0.0,0.7104573249816895,0.0,0.0,0.0,0.0
2,"[7.343782, 3.3109531, 3.6708136, 3.0164704]",,,,,,0.03446626663208008,,,,
3,"[2.7468233, 1.1106327, 3.340693, 3.2093673]","[1.943215655896126, 6.0, 1.944715556662194, 6.0, 0.8261139953519969, -7.0]",3452.618443563041,0.0,0.0,0.0,0.5863261222839355,0.0,0.0,0.0,0.0
4,"[2.9036481, 0.5977075, 2.1469908, 1.8318009]","[2.0368366844432146, 6.0, 2.0380750255054827, 6.0, 0.6391334979616197, -7.0]",3089.5897129806553,0.0,0.0,0.0,0.9057157039642334,0.0,0.0,0.0,0.0
5,"[6.315788, 3.1776483, 1.3645432, 2.8634877]",,,,,,0.024885892868041992,,,,
6,"[4.148179, 4.152824, 3.6912096, 4.185831]",,,,,,0.01852107048034668,,,,
7,"[6.436974, 4.414024, 0.5426805, 2.9909651]",,,,,,0.020451784133911133,,,,
8,"[1.4575632, 2.1513577, 3.939418, 1.5072588]","[0.8787735398518149, 2.0, 1.8967465406871595, 5.0, 0.05290704420721554, -4.0]",982.7261759665878,0.0,0.0,0.0,0.7297890186309814,0.0,0.0,0.0,0.0
9,"[4.412998, 4.424118, 2.9548318, 3.6741495]",,,,,,0.015746593475341797,,,,
10,"[1.2352952, 0.8423982, 1.2338315, 3.5336146]","[-0.05858122240171495, 1.0, 1.924070924282911, 4.0, 0.020128381282930728, -3.0]",517.8504889218754,0.0,0.0,0.0,60.017210245132446,0.0,0.0,0.0,0.0
11,"[1.4385724, 0.5879461, 3.7675118, 0.5557961]","[0.8764304206361918, 2.0, 1.8822106381168326, 5.0, 0.06978606599316553, -4.0]",987.8818672291627,0.0,0.0,0.0,0.6944992542266846,0.0,0.0,0.0,0.0
12,"[7.3450623, 3.1284754, 1.9603757, 2.9459794]",,,,,,0.025745630264282227,,,,
13,"[1.9747176, 3.2841256, 1.8699008, 0.9318498]","[0.5174829699257171, 1.0, 2.377383057255391, 6.0, -0.06643888351430309, -4.0]",843.5386621258264,0.0,0.0,0.0,60.015538454055786,0.0,0.0,0.0,0.0
14,"[4.726945, 0.77858347, 2.8557441, 2.5826213]",,,,,,0.008529186248779297,,,,
15,"[3.8776693, 3.4688041, 2.538942, 2.189783]","[2.0554185884729517, 5.0, 2.4800902642291645, 9.0, 1.1213453967902645, -8.0]",4724.064174644944,0.0,0.0,0.0,0.8574604988098145,0.0,0.0,0.0,0.0
16,"[3.4314034, 2.0923488, 0.60578763, 1.8422288]",,,,,,0.2250964641571045,,,,
17,"[7.2988334, 4.404081, 3.9942224, 1.8175123]",,,,,,0.03731131553649902,,,,
18,"[1.1527637, 2.8511815, 3.889187, 2.2650974]","[0.03206333105207238, 1.0, 1.8593626377954675, 4.0, -0.005807885683413269, -3.0]",531.8619871844596,0.0,0.0,0.0,1.1307544708251953,0.0,0.0,0.0,0.0
19,"[5.646528, 0.57183146, 0.7980418, 2.541571]",,,,,,0.018363475799560547,,,,
20,"[7.743761, 4.3777575, 3.272838, 0.78366476]",,,,,,0.011956930160522461,,,,
21,"[4.9211774, 1.2574435, 3.5852926, 3.8657591]",,,,,,0.007591962814331055,,,,
22,"[7.5577574, 2.9707782, 3.0776927, 0.6133498]",,,,,,0.014872312545776367,,,,
23,"[1.3658051, 3.814121, 3.6531007, 1.5361406]","[0.8824931111533367, 2.0, 1.817150578166977, 5.0, 0.12878343542587636, -4.0]",1039.3148747113778,0.0,0.0,0.0,0.1424257755279541,0.0,0.0,0.0,0.0
24,"[3.9315531, 3.3347068, 1.3594184, 0.6613206]","[2.069213930339309, 5.0, 2.5277930678430227, 9.0, 1.0598472513100488, -8.0]",4531.308864454309,0.0,0.0,0.0,0.5242228507995605,0.0,0.0,0.0,0.0
25,"[2.8211045, 1.3045461, 1.2145154, 1.850992]","[1.9909159779474783, 6.0, 1.990790873239813, 6.0, 0.7323383567230257, -7.0]",3256.8649537386036,0.0,0.0,0.0,0.3372058868408203,0.0,0.0,0.0,0.0
26,"[6.115747, 2.173798, 2.5341556, 2.4070156]",,,,,,0.03036212921142578,,,,
27,"[7.8690796, 1.5826985, 0.61668265, 2.9204066]",,,,,,0.01856374740600586,,,,
28,"[2.7957103, 2.0829792, 1.6946887, 3.9677641]","[1.9755764552873565, 6.0, 1.9752967387638227, 6.0, 0.7631720138591376, -7.0]",3325.0367567077396,0.0,0.0,0.0,0.7131519317626953,0.0,0.0,0.0,0.0
29,"[5.579222, 3.4869733, 3.9310622, 2.479931]",,,,,,0.03265118598937988,,,,
